channel,target,source_url,angle,first_action,status,notes
Reddit,r/spirituality Saju discussion,https://www.reddit.com/r/spirituality/comments/1r1rz7k/ive_been_getting_into_korean_saju_%EC%82%AC%EC%A3%BC_latelyhow_do/,"Korean Saju curiosity, self-reflection, explain without hard selling","Reply with value-first explanation and mention free preview only if allowed",not_contacted,"Recent discussion; avoid direct sales tone"
Reddit,r/Divination Saju discovery thread,https://www.reddit.com/r/Divination/comments/1q0qg0c/currently_in_korea_for_new_year_just_discovered/,"People newly discovering Saju while interested in divination","Reply with time-context explanation and offer free mini preview test",not_contacted,"Good fit for self-reflection framing"
Reddit,r/korea Saju explainer thread,https://www.reddit.com/r/korea/comments/1lkffxt/can_someone_explain_how_saju_works/,"Korea-culture explanation, not buyer intent","Answer how Four Pillars uses year/month/day/hour and why overseas time handling matters",not_contacted,"Use as education only unless links are allowed"
Reddit,r/astrologymemes Saju interest thread,https://www.reddit.com/r/astrologymemes/comments/1odwydh/anyone_interested_in_sajukastrology_ill_read_your/,"Astrology audience already comparing systems","Comment with Korean Four Pillars vs astrology framing",not_contacted,"Avoid arguing Korean vs Chinese origin"
Reddit,r/TomorrowByTogether Saju fan posts,https://www.reddit.com/r/TomorrowByTogether/comments/1t8ozhy/saju_%EC%82%AC%EC%A3%BC_korean_fortunereading_readings_for_all/,"K-pop fandom has Saju curiosity","Do not sell directly; create K-pop-safe educational post idea from this signal",not_contacted,"Use as content signal, not direct promo"
Competitor,Saju Lab,https://www.sajulab.co/,"English Saju positioning and exact time importance","Study public messaging; do not copy",reviewed,"Confirms English Saju + hour pillar positioning exists"
Competitor,Sajumuse viral Saju article,https://www.sajumuse.com/blog/why-korean-astrology-saju-went-viral-on-tiktok,"TikTok/Instagram virality of Saju through K-culture","Use as signal for short-form education hooks",reviewed,"Supports social-first education strategy"
Competitor,Saju from Seoul guide,https://sajufromseoul.com/blog/what-is-saju,"English beginner education for Saju","Use as benchmark for educational clarity",reviewed,"Avoid copying structure/text"
Competitor,WhatsMySaju guide,https://www.whatsmysaju.app/blog/what-is-saju,"K-culture accessibility angle","Use as benchmark for explaining Saju to global users",reviewed,"Shows English market exists"
Public contact,Talie Tarot Linktree,https://linktr.ee/talietarot,"Tarot audience with public business email","Send free VIP PDF honest-review offer if Korean/English audience fit is acceptable",not_contacted,"Public contact page lists business email; personalize before sending"
Public contact,hbbtarot Linktree,https://linktr.ee/hbbtarot,"Tarot and astrology audience with public contact email","Send free VIP PDF honest-review offer if audience fit is acceptable",not_contacted,"Public Linktree lists contact email"
Public contact,piecesofminty K-culture blogger,https://piecesofminty.carrd.co/,"K-drama/K-pop/manhwa blogger and diaspora/fan audience","Offer free preview or sample PDF as Korean culture/self-reflection story idea",not_contacted,"Public contact/social hub; use culture-first angle"
Public contact,DivineShineTarot Linktree,https://linktr.ee/divineshinetarot,"Pop culture plus tarot audience","Offer free VIP PDF honest-review test; mention entertainment/self-reflection framing",not_contacted,"Public Linktree has social/email links"
Public contact,K-newstoday contact,https://k-newstoday.com/contact/,"K-culture publication/contact form","Pitch short K-culture explainer: Korean Four Pillars for overseas-born fans",not_contacted,"Use editorial pitch, not direct product ad"
Reddit,r/kdramas fortune-telling scenes thread,https://www.reddit.com/r/kdramas/comments/1rt7ev8/whats_actually_happening_in_those_fortunetelling/,"K-drama viewers asking about fortune-telling context","Reply with cultural explainer and avoid purchase CTA unless asked",not_contacted,"Good fit for education-first Korean culture content"
